-- Incerciones
INSERT INTO empleados (nombre, cedula, fecha_ingreso, id_rol) VALUES
('Pedro Gómez', '123456789', '2020-01-01', 1),
('Laura Mora', '234567890', '2019-03-15', 2),
('Carlos López', '345678901', '2018-05-20', 3),
('Sofía Martínez', '456789012', '2021-07-01', 4),
('Andrés Torres', '567890123', '2022-08-15', 5),
('María Rodríguez', '678901234', '2023-01-10', 6),
('Julián Herrera', '789012345', '2022-11-20', 7),
('Natalia Ramírez', '890123456', '2021-06-18', 8),
('Esteban Quintero', '901234567', '2020-02-25', 9),
('Camila Díaz', '012345678', '2019-09-30', 10),
('Santiago Meza', '112233445', '2023-04-15', 11),
('Valentina Torres', '223344556', '2022-05-12', 12),
('Tomás Pardo', '334455667', '2021-10-01', 13),
('Andrea Sánchez', '445566778', '2020-12-11', 14),
('Mateo Gil', '556677889', '2024-03-19', 15),
('Isabela Cárdenas', '667788990', '2023-06-01', 16),
('Sebastián Ruiz', '778899001', '2022-07-22', 1),
('Daniela Acosta', '889900112', '2021-08-10', 2),
('Luis Camargo', '990011223', '2020-10-14', 3),
('Gabriela Peña', '101112131', '2019-04-05', 4),
('Jorge Medina', '111213141', '2018-11-30', 5),
('Lorena Vega', '121314151', '2020-07-07', 6),
('Rafael Cruz', '131415161', '2019-03-03', 7),
('Daniela Soto', '141516171', '2021-01-20', 8),
('Andrés Molina', '151617181', '2022-09-11', 9),
('Marina Castro', '161718191', '2023-02-28', 10),
('Ricardo Flores', '171819202', '2020-05-05', 11),
('Claudia Moreno', '181920212', '2019-12-15', 12),
('Fernando Rojas', '192021222', '2018-08-22', 13),
('Laura Peña', '202122232', '2021-06-30', 14),
('Sergio Torres', '212223242', '2023-03-14', 15),
('Patricia López', '222324252', '2022-01-08', 16),
('Miguel Ortiz', '232425262', '2021-11-19', 1),
('Natalia Fuentes', '242526272', '2020-04-23', 2),
('Victor Herrera', '252627282', '2019-07-29', 3),
('Sandra Castillo', '262728292', '2023-05-06', 3),
('Diego Vega', '272829303', '2022-10-17', 5),
('Carolina Soto', '282930313', '2021-09-12', 6),
('Felipe Castro', '293031323', '2020-06-01', 7),
('Valeria Jiménez', '303132333', '2019-02-14', 8),
('Javier Morales', '313233343', '2021-12-05', 9),
('Monica Ramírez', '323334353', '2020-03-18', 10),
('Héctor Sánchez', '333435363', '2019-08-25', 11),
('Ana Paredes', '343536373', '2018-09-09', 12),
('Carlos Méndez', '353637383', '2022-12-30', 13),
('Lucía Valdez', '363738393', '2023-07-07', 14),
('Eduardo Blanco', '373839404', '2022-04-21', 15),
('Gabriela Rivas', '383940414', '2021-05-27', 16),
('Andrés Mendoza', '394041424', '2020-08-16', 1),
('Jessica Salazar', '404142434', '2019-01-02', 2);


INSERT INTO estado_maquinaria (id_estado, estado) VALUES
(1, 'Operativa'),
(2, 'En reparación'),
(3, 'Fuera de servicio'),
(4, 'Mantenimiento preventivo'),
(5, 'Disponible');



INSERT INTO maquinaria (id_maquina, nombre_maquina, descripcion, id_estado) VALUES
(1, 'Tractor John Deere 6155M', 'Tractor versátil de alta potencia para labores agrícolas pesadas', 3),
(2, 'Cosechadora New Holland CR7.90', 'Cosechadora eficiente para grandes extensiones de cultivo', 1),
(3, 'Sembradora de precisión Väderstad', 'Sembradora de precisión para optimizar la siembra de semillas', 5),
(4, 'Arado de discos Kverneland', 'Arado de discos para preparación del suelo', 1),
(5, 'Pulverizador Amazone UX', 'Pulverizador para aplicar fertilizantes o pesticidas', 3),
(6, 'Sistema de riego pivotante', 'Sistema de riego automatizado para grandes parcelas', 5),
(7, 'Empacadora John Deere 569', 'Empacadora para forraje y paja', 1),
(8, 'Cargador frontal JCB 435S', 'Cargador para manejo de materiales y tareas pesadas', 3),
(9, 'Remolque agrícola 12T', 'Remolque de gran capacidad para transporte de carga agrícola', 5),
(10, 'Tractor Massey Ferguson 7718', 'Tractor moderno para múltiples labores en campo', 1),
(11, 'Cultivador Lemken Karat', 'Herramienta para labranza y preparación del suelo', 3),
(12, 'Niveladora láser', 'Niveladora para preparación precisa del terreno', 5),
(13, 'Tanque cisterna para agua', 'Tanque para suministro y distribución de agua en el campo', 1),
(14, 'Desbrozadora articulada', 'Equipo para limpieza de terrenos y bordes', 3),
(15, 'Fumigadora autopropulsada Hardi Alpha', 'Equipo avanzado para fumigación controlada', 5),
(16, 'Trituradora de ramas', 'Equipo para triturar restos vegetales y ramas', 1),
(17, 'Dron DJI Agras T40', 'Dron agrícola para monitoreo y aplicación de productos', 3),
(18, 'Tolva autodescargable', 'Tolva para transporte y descarga eficiente de granos', 5),
(19, 'Carretón de maquinaria', 'Remolque especializado para transportar maquinaria pesada', 1),
(20, 'Estación meteorológica agrícola', 'Sistema para monitoreo de condiciones climáticas', 3);


INSERT INTO historial_salarios (id_historial, id_empleado, salario, fecha_inicio, fecha_fin) VALUES
(1, 1, 1480000, '2025-01-01', '2025-01-31'),
(2, 1, 1500000, '2025-02-01', '2025-02-28'),
(3, 1, 1430000, '2025-03-01', '2025-03-31'),
(4, 1, 1750000, '2025-04-01', '2025-04-30'),
(5, 1, 1680000, '2025-05-01', '2025-05-31'),
(6, 1, 1790000, '2025-06-01', '2025-06-30'),
(7, 1, 1720000, '2025-07-01', '2025-07-31'),
(8, 1, 1800000, '2025-08-01', '2025-08-31'),
(9, 1, 1770000, '2025-09-01', '2025-09-30'),
(10, 1, 1750000, '2025-10-01', '2025-10-31'),
(11, 1, 1700000, '2025-11-01', '2025-11-30'),
(12, 1, 1650000, '2025-12-01', '2025-12-31'),
(13, 2, 1900000, '2025-01-01', '2025-01-31'),
(14, 2, 2050000, '2025-02-01', '2025-02-28'),
(15, 2, 1980000, '2025-03-01', '2025-03-31'),
(16, 2, 2100000, '2025-04-01', '2025-04-30'),
(17, 2, 2020000, '2025-05-01', '2025-05-31'),
(18, 2, 2000000, '2025-06-01', '2025-06-30'),
(19, 2, 1990000, '2025-07-01', '2025-07-31'),
(20, 2, 1850000, '2025-08-01', '2025-08-31'),
(21, 2, 2020000, '2025-09-01', '2025-09-30'),
(22, 2, 2100000, '2025-10-01', '2025-10-31'),
(23, 2, 2000000, '2025-11-01', '2025-11-30'),
(24, 2, 1950000, '2025-12-01', '2025-12-31'),
(25, 3, 2300000, '2025-01-01', '2025-01-31'),
(26, 3, 2500000, '2025-02-01', '2025-02-28'),
(27, 3, 2750000, '2025-03-01', '2025-03-31'),
(28, 3, 2650000, '2025-04-01', '2025-04-30'),
(29, 3, 2600000, '2025-05-01', '2025-05-31'),
(30, 3, 2550000, '2025-06-01', '2025-06-30'),
(31, 3, 2700000, '2025-07-01', '2025-07-31'),
(32, 3, 2400000, '2025-08-01', '2025-08-31'),
(33, 3, 2300000, '2025-09-01', '2025-09-30'),
(34, 3, 2250000, '2025-10-01', '2025-10-31'),
(35, 3, 2350000, '2025-11-01', '2025-11-30'),
(36, 3, 2450000, '2025-12-01', '2025-12-31'),
(37, 4, 2900000, '2025-01-01', '2025-01-31'),
(38, 4, 3100000, '2025-02-01', '2025-02-28'),
(39, 4, 3000000, '2025-03-01', '2025-03-31'),
(40, 4, 2950000, '2025-04-01', '2025-04-30'),
(41, 4, 3050000, '2025-05-01', '2025-05-31'),
(42, 4, 2850000, '2025-06-01', '2025-06-30'),
(43, 4, 2990000, '2025-07-01', '2025-07-31'),
(44, 4, 2900000, '2025-08-01', '2025-08-31'),
(45, 4, 2950000, '2025-09-01', '2025-09-30'),
(46, 4, 3000000, '2025-10-01', '2025-10-31'),
(47, 4, 3100000, '2025-11-01', '2025-11-30'),
(48, 4, 3050000, '2025-12-01', '2025-12-31'),
(49, 5, 3300000, '2025-01-01', '2025-01-31'),
(50, 5, 3400000, '2025-02-01', '2025-02-28'),
(51, 5, 3500000, '2025-03-01', '2025-03-31'),
(52, 5, 3600000, '2025-04-01', '2025-04-30'),
(53, 5, 3350000, '2025-05-01', '2025-05-31'),
(54, 5, 3200000, '2025-06-01', '2025-06-30'),
(55, 5, 3450000, '2025-07-01', '2025-07-31'),
(56, 5, 3500000, '2025-08-01', '2025-08-31'),
(57, 5, 3550000, '2025-09-01', '2025-09-30'),
(58, 5, 3600000, '2025-10-01', '2025-10-31'),
(59, 5, 3450000, '2025-11-01', '2025-11-30'),
(60, 5, 3350000, '2025-12-01', '2025-12-31'),
(61, 6, 1700000, '2025-01-01', '2025-01-31'),
(62, 6, 1600000, '2025-02-01', '2025-02-28'),
(63, 6, 1750000, '2025-03-01', '2025-03-31'),
(64, 6, 1790000, '2025-04-01', '2025-04-30'),
(65, 6, 1500000, '2025-05-01', '2025-05-31'),
(66, 6, 1600000, '2025-06-01', '2025-06-30'),
(67, 6, 1680000, '2025-07-01', '2025-07-31'),
(68, 6, 1720000, '2025-08-01', '2025-08-31'),
(69, 6, 1780000, '2025-09-01', '2025-09-30'),
(70, 6, 1800000, '2025-10-01', '2025-10-31'),
(71, 6, 1650000, '2025-11-01', '2025-11-30'),
(72, 6, 1500000, '2025-12-01', '2025-12-31'),
(73, 7, 1900000, '2025-01-01', '2025-01-31'),
(74, 7, 1950000, '2025-02-01', '2025-02-28'),
(75, 7, 2000000, '2025-03-01', '2025-03-31'),
(76, 7, 2100000, '2025-04-01', '2025-04-30'),
(77, 7, 2050000, '2025-05-01', '2025-05-31'),
(78, 7, 1850000, '2025-06-01', '2025-06-30'),
(79, 7, 1820000, '2025-07-01', '2025-07-31'),
(80, 7, 1950000, '2025-08-01', '2025-08-31'),
(81, 7, 2000000, '2025-09-01', '2025-09-30'),
(82, 7, 2100000, '2025-10-01', '2025-10-31'),
(83, 7, 1900000, '2025-11-01', '2025-11-30'),
(84, 7, 1850000, '2025-12-01', '2025-12-31'),
(85, 8, 2300000, '2025-01-01', '2025-01-31'),
(86, 8, 2500000, '2025-02-01', '2025-02-28'),
(87, 8, 2750000, '2025-03-01', '2025-03-31'),
(88, 8, 2650000, '2025-04-01', '2025-04-30'),
(89, 8, 2600000, '2025-05-01', '2025-05-31'),
(90, 8, 2550000, '2025-06-01', '2025-06-30'),
(91, 8, 2700000, '2025-07-01', '2025-07-31'),
(92, 8, 2400000, '2025-08-01', '2025-08-31'),
(93, 8, 2300000, '2025-09-01', '2025-09-30'),
(94, 8, 2250000, '2025-10-01', '2025-10-31'),
(95, 8, 2350000, '2025-11-01', '2025-11-30'),
(96, 8, 2450000, '2025-12-01', '2025-12-31'),
(97, 9, 2900000, '2025-01-01', '2025-01-31'),
(98, 9, 3100000, '2025-02-01', '2025-02-28'),
(99, 9, 3000000, '2025-03-01', '2025-03-31'),
(100, 9, 2950000, '2025-04-01', '2025-04-30'),
(101, 9, 3050000, '2025-05-01', '2025-05-31'),
(102, 9, 2850000, '2025-06-01', '2025-06-30'),
(103, 9, 2990000, '2025-07-01', '2025-07-31'),
(104, 9, 2900000, '2025-08-01', '2025-08-31'),
(105, 9, 2950000, '2025-09-01', '2025-09-30'),
(106, 9, 3000000, '2025-10-01', '2025-10-31'),
(107, 9, 3100000, '2025-11-01', '2025-11-30'),
(108, 9, 3050000, '2025-12-01', '2025-12-31'),
(109, 10, 3300000, '2025-01-01', '2025-01-31'),
(110, 10, 3400000, '2025-02-01', '2025-02-28'),
(111, 10, 3500000, '2025-03-01', '2025-03-31'),
(112, 10, 3600000, '2025-04-01', '2025-04-30'),
(113, 10, 3350000, '2025-05-01', '2025-05-31'),
(114, 10, 3200000, '2025-06-01', '2025-06-30'),
(115, 10, 3450000, '2025-07-01', '2025-07-31'),
(116, 10, 3500000, '2025-08-01', '2025-08-31'),
(117, 10, 3550000, '2025-09-01', '2025-09-30'),
(118, 10, 3600000, '2025-10-01', '2025-10-31'),
(119, 10, 3450000, '2025-11-01', '2025-11-30'),
(120, 10, 3350000, '2025-12-01', '2025-12-31'),
(121, 11, 1450000, '2025-01-01', '2025-01-31'),
(122, 11, 1500000, '2025-02-01', '2025-02-28'),
(123, 11, 1550000, '2025-03-01', '2025-03-31'),
(124, 11, 1600000, '2025-04-01', '2025-04-30'),
(125, 11, 1650000, '2025-05-01', '2025-05-31'),
(126, 11, 1700000, '2025-06-01', '2025-06-30'),
(127, 11, 1750000, '2025-07-01', '2025-07-31'),
(128, 11, 1780000, '2025-08-01', '2025-08-31'),
(129, 11, 1800000, '2025-09-01', '2025-09-30'),
(130, 11, 1770000, '2025-10-01', '2025-10-31'),
(131, 11, 1720000, '2025-11-01', '2025-11-30'),
(132, 11, 1680000, '2025-12-01', '2025-12-31'),
(133, 16, 1900000, '2025-01-01', '2025-01-31'),
(134, 16, 1850000, '2025-02-01', '2025-02-28'),
(135, 16, 2000000, '2025-03-01', '2025-03-31'),
(136, 16, 2050000, '2025-04-01', '2025-04-30'),
(137, 16, 1950000, '2025-05-01', '2025-05-31'),
(138, 16, 2000000, '2025-06-01', '2025-06-30'),
(139, 16, 2100000, '2025-07-01', '2025-07-31'),
(140, 16, 1900000, '2025-08-01', '2025-08-31'),
(141, 16, 1800000, '2025-09-01', '2025-09-30'),
(142, 16, 1850000, '2025-10-01', '2025-10-31'),
(143, 16, 1950000, '2025-11-01', '2025-11-30'),
(144, 16, 2000000, '2025-12-01', '2025-12-31'),
(145, 17, 2300000, '2025-01-01', '2025-01-31'),
(146, 17, 2400000, '2025-02-01', '2025-02-28'),
(147, 17, 2500000, '2025-03-01', '2025-03-31'),
(148, 17, 2600000, '2025-04-01', '2025-04-30'),
(149, 17, 2550000, '2025-05-01', '2025-05-31'),
(150, 17, 2450000, '2025-06-01', '2025-06-30'),
(151, 17, 2500000, '2025-07-01', '2025-07-31'),
(152, 17, 2700000, '2025-08-01', '2025-08-31'),
(153, 17, 2750000, '2025-09-01', '2025-09-30'),
(154, 17, 2600000, '2025-10-01', '2025-10-31'),
(155, 17, 2400000, '2025-11-01', '2025-11-30'),
(156, 17, 2350000, '2025-12-01', '2025-12-31'),
(157, 18, 2900000, '2025-01-01', '2025-01-31'),
(158, 18, 3000000, '2025-02-01', '2025-02-28'),
(159, 18, 3100000, '2025-03-01', '2025-03-31'),
(160, 18, 3050000, '2025-04-01', '2025-04-30'),
(161, 18, 2950000, '2025-05-01', '2025-05-31'),
(162, 18, 2850000, '2025-06-01', '2025-06-30'),
(163, 18, 3000000, '2025-07-01', '2025-07-31'),
(164, 18, 3100000, '2025-08-01', '2025-08-31'),
(165, 18, 3150000, '2025-09-01', '2025-09-30'),
(166, 18, 3200000, '2025-10-01', '2025-10-31'),
(167, 18, 3100000, '2025-11-01', '2025-11-30'),
(168, 18, 3000000, '2025-12-01', '2025-12-31'),
(169, 19, 3300000, '2025-01-01', '2025-01-31'),
(170, 19, 3350000, '2025-02-01', '2025-02-28'),
(171, 19, 3450000, '2025-03-01', '2025-03-31'),
(172, 19, 3500000, '2025-04-01', '2025-04-30'),
(173, 19, 3600000, '2025-05-01', '2025-05-31'),
(174, 19, 3550000, '2025-06-01', '2025-06-30'),
(175, 19, 3400000, '2025-07-01', '2025-07-31'),
(176, 19, 3350000, '2025-08-01', '2025-08-31'),
(177, 19, 3450000, '2025-09-01', '2025-09-30'),
(178, 19, 3500000, '2025-10-01', '2025-10-31'),
(179, 19, 3550000, '2025-11-01', '2025-11-30'),
(180, 19, 3600000, '2025-12-01', '2025-12-31'),
(181, 20, 1500000, '2025-01-01', '2025-01-31'),
(182, 20, 1550000, '2025-02-01', '2025-02-28'),
(183, 20, 1600000, '2025-03-01', '2025-03-31'),
(184, 20, 1700000, '2025-04-01', '2025-04-30'),
(185, 20, 1750000, '2025-05-01', '2025-05-31'),
(186, 20, 1800000, '2025-06-01', '2025-06-30'),
(187, 20, 1780000, '2025-07-01', '2025-07-31'),
(188, 20, 1700000, '2025-08-01', '2025-08-31'),
(189, 20, 1650000, '2025-09-01', '2025-09-30'),
(190, 20, 1600000, '2025-10-01', '2025-10-31'),
(191, 20, 1550000, '2025-11-01', '2025-11-30'),
(192, 20, 1500000, '2025-12-01', '2025-12-31'),
(193, 21, 1850000, '2025-01-01', '2025-01-31'),
(194, 21, 1900000, '2025-02-01', '2025-02-28'),
(195, 21, 1950000, '2025-03-01', '2025-03-31'),
(196, 21, 2000000, '2025-04-01', '2025-04-30'),
(197, 21, 2050000, '2025-05-01', '2025-05-31'),
(198, 21, 2100000, '2025-06-01', '2025-06-30'),
(199, 21, 1950000, '2025-07-01', '2025-07-31'),
(200, 21, 1850000, '2025-08-01', '2025-08-31'),
(201, 21, 1800000, '2025-09-01', '2025-09-30'),
(202, 21, 1850000, '2025-10-01', '2025-10-31'),
(203, 21, 1900000, '2025-11-01', '2025-11-30'),
(204, 21, 2000000, '2025-12-01', '2025-12-31'),
(205, 22, 2300000, '2025-01-01', '2025-01-31'),
(206, 22, 2400000, '2025-02-01', '2025-02-28'),
(207, 22, 2500000, '2025-03-01', '2025-03-31'),
(208, 22, 2550000, '2025-04-01', '2025-04-30'),
(209, 22, 2450000, '2025-05-01', '2025-05-31'),
(210, 22, 2500000, '2025-06-01', '2025-06-30'),
(211, 22, 2600000, '2025-07-01', '2025-07-31'),
(212, 22, 2700000, '2025-08-01', '2025-08-31'),
(213, 22, 2750000, '2025-09-01', '2025-09-30'),
(214, 22, 2650000, '2025-10-01', '2025-10-31'),
(215, 22, 2550000, '2025-11-01', '2025-11-30'),
(216, 22, 2400000, '2025-12-01', '2025-12-31'),
(217, 23, 2900000, '2025-01-01', '2025-01-31'),
(218, 23, 2950000, '2025-02-01', '2025-02-28'),
(219, 23, 3000000, '2025-03-01', '2025-03-31'),
(220, 23, 3100000, '2025-04-01', '2025-04-30'),
(221, 23, 3150000, '2025-05-01', '2025-05-31'),
(222, 23, 3200000, '2025-06-01', '2025-06-30'),
(223, 23, 3100000, '2025-07-01', '2025-07-31'),
(224, 23, 3050000, '2025-08-01', '2025-08-31'),
(225, 23, 3000000, '2025-09-01', '2025-09-30'),
(226, 23, 2950000, '2025-10-01', '2025-10-31'),
(227, 23, 2900000, '2025-11-01', '2025-11-30'),
(228, 23, 2850000, '2025-12-01', '2025-12-31'),
(229, 24, 3300000, '2025-01-01', '2025-01-31'),
(230, 24, 3400000, '2025-02-01', '2025-02-28'),
(231, 24, 3350000, '2025-03-01', '2025-03-31'),
(232, 24, 3450000, '2025-04-01', '2025-04-30'),
(233, 24, 3500000, '2025-05-01', '2025-05-31'),
(234, 24, 3550000, '2025-06-01', '2025-06-30'),
(235, 24, 3600000, '2025-07-01', '2025-07-31'),
(236, 24, 3500000, '2025-08-01', '2025-08-31'),
(237, 24, 3450000, '2025-09-01', '2025-09-30'),
(238, 24, 3350000, '2025-10-01', '2025-10-31'),
(239, 24, 3300000, '2025-11-01', '2025-11-30'),
(240, 24, 3350000, '2025-12-01', '2025-12-31'),
(241, 25, 1450000, '2025-01-01', '2025-01-31'),
(242, 25, 1500000, '2025-02-01', '2025-02-28'),
(243, 25, 1550000, '2025-03-01', '2025-03-31'),
(244, 25, 1600000, '2025-04-01', '2025-04-30'),
(245, 25, 1650000, '2025-05-01', '2025-05-31'),
(246, 25, 1700000, '2025-06-01', '2025-06-30'),
(247, 25, 1750000, '2025-07-01', '2025-07-31'),
(248, 25, 1780000, '2025-08-01', '2025-08-31'),
(249, 25, 1800000, '2025-09-01', '2025-09-30'),
(250, 25, 1770000, '2025-10-01', '2025-10-31'),
(251, 25, 1720000, '2025-11-01', '2025-11-30'),
(252, 25, 1680000, '2025-12-01', '2025-12-31'),
(253, 26, 1850000, '2025-01-01', '2025-01-31'),
(254, 26, 1900000, '2025-02-01', '2025-02-28'),
(255, 26, 1950000, '2025-03-01', '2025-03-31'),
(256, 26, 2000000, '2025-04-01', '2025-04-30'),
(257, 26, 2050000, '2025-05-01', '2025-05-31'),
(258, 26, 2100000, '2025-06-01', '2025-06-30'),
(259, 26, 2150000, '2025-07-01', '2025-07-31'),
(260, 26, 1900000, '2025-08-01', '2025-08-31'),
(261, 26, 1850000, '2025-09-01', '2025-09-30'),
(262, 26, 1800000, '2025-10-01', '2025-10-31'),
(263, 26, 1850000, '2025-11-01', '2025-11-30'),
(264, 26, 1950000, '2025-12-01', '2025-12-31'),
(265, 27, 2300000, '2025-01-01', '2025-01-31'),
(266, 27, 2400000, '2025-02-01', '2025-02-28'),
(267, 27, 2450000, '2025-03-01', '2025-03-31'),
(268, 27, 2500000, '2025-04-01', '2025-04-30'),
(269, 27, 2550000, '2025-05-01', '2025-05-31'),
(270, 27, 2600000, '2025-06-01', '2025-06-30'),
(271, 27, 2650000, '2025-07-01', '2025-07-31'),
(272, 27, 2700000, '2025-08-01', '2025-08-31'),
(273, 27, 2750000, '2025-09-01', '2025-09-30'),
(274, 27, 2800000, '2025-10-01', '2025-10-31'),
(275, 27, 2750000, '2025-11-01', '2025-11-30'),
(276, 27, 2700000, '2025-12-01', '2025-12-31'),
(277, 28, 2900000, '2025-01-01', '2025-01-31'),
(278, 28, 2950000, '2025-02-01', '2025-02-28'),
(279, 28, 3000000, '2025-03-01', '2025-03-31'),
(280, 28, 3050000, '2025-04-01', '2025-04-30'),
(281, 28, 3100000, '2025-05-01', '2025-05-31'),
(282, 28, 3150000, '2025-06-01', '2025-06-30'),
(283, 28, 3200000, '2025-07-01', '2025-07-31'),
(284, 28, 3150000, '2025-08-01', '2025-08-31'),
(285, 28, 3100000, '2025-09-01', '2025-09-30'),
(286, 28, 3050000, '2025-10-01', '2025-10-31'),
(287, 28, 3000000, '2025-11-01', '2025-11-30'),
(288, 28, 2950000, '2025-12-01', '2025-12-31'),
(289, 29, 3300000, '2025-01-01', '2025-01-31'),
(290, 29, 3350000, '2025-02-01', '2025-02-28'),
(291, 29, 3400000, '2025-03-01', '2025-03-31'),
(292, 29, 3450000, '2025-04-01', '2025-04-30'),
(293, 29, 3500000, '2025-05-01', '2025-05-31'),
(294, 29, 3550000, '2025-06-01', '2025-06-30'),
(295, 29, 3600000, '2025-07-01', '2025-07-31'),
(296, 29, 3550000, '2025-08-01', '2025-08-31'),
(297, 29, 3500000, '2025-09-01', '2025-09-30'),
(298, 29, 3450000, '2025-10-01', '2025-10-31'),
(299, 29, 3400000, '2025-11-01', '2025-11-30'),
(300, 29, 3350000, '2025-12-01', '2025-12-31'),
(301, 30, 1450000, '2025-01-01', '2025-01-31'),
(302, 30, 1500000, '2025-02-01', '2025-02-28'),
(303, 30, 1550000, '2025-03-01', '2025-03-31'),
(304, 30, 1600000, '2025-04-01', '2025-04-30'),
(305, 30, 1650000, '2025-05-01', '2025-05-31'),
(306, 30, 1700000, '2025-06-01', '2025-06-30'),
(307, 30, 1750000, '2025-07-01', '2025-07-31'),
(308, 30, 1780000, '2025-08-01', '2025-08-31'),
(309, 30, 1800000, '2025-09-01', '2025-09-30'),
(310, 30, 1770000, '2025-10-01', '2025-10-31'),
(311, 30, 1720000, '2025-11-01', '2025-11-30'),
(312, 30, 1680000, '2025-12-01', '2025-12-31'),
(313, 31, 1850000, '2025-01-01', '2025-01-31'),
(314, 31, 1900000, '2025-02-01', '2025-02-28'),
(315, 31, 1950000, '2025-03-01', '2025-03-31'),
(316, 31, 2000000, '2025-04-01', '2025-04-30'),
(317, 31, 2050000, '2025-05-01', '2025-05-31'),
(318, 31, 2100000, '2025-06-01', '2025-06-30'),
(319, 31, 2150000, '2025-07-01', '2025-07-31'),
(320, 31, 2000000, '2025-08-01', '2025-08-31'),
(321, 31, 1900000, '2025-09-01', '2025-09-30'),
(322, 31, 1850000, '2025-10-01', '2025-10-31'),
(323, 31, 1800000, '2025-11-01', '2025-11-30'),
(324, 31, 1850000, '2025-12-01', '2025-12-31'),
(325, 32, 2300000, '2025-01-01', '2025-01-31'),
(326, 32, 2400000, '2025-02-01', '2025-02-28'),
(327, 32, 2450000, '2025-03-01', '2025-03-31'),
(328, 32, 2500000, '2025-04-01', '2025-04-30'),
(329, 32, 2550000, '2025-05-01', '2025-05-31'),
(330, 32, 2600000, '2025-06-01', '2025-06-30'),
(331, 32, 2650000, '2025-07-01', '2025-07-31'),
(332, 32, 2700000, '2025-08-01', '2025-08-31'),
(333, 32, 2750000, '2025-09-01', '2025-09-30'),
(334, 32, 2800000, '2025-10-01', '2025-10-31'),
(335, 32, 2750000, '2025-11-01', '2025-11-30'),
(336, 32, 2700000, '2025-12-01', '2025-12-31'),
(337, 33, 2900000, '2025-01-01', '2025-01-31'),
(338, 33, 2950000, '2025-02-01', '2025-02-28'),
(339, 33, 3000000, '2025-03-01', '2025-03-31'),
(340, 33, 3050000, '2025-04-01', '2025-04-30'),
(341, 33, 3100000, '2025-05-01', '2025-05-31'),
(342, 33, 3150000, '2025-06-01', '2025-06-30'),
(343, 33, 3200000, '2025-07-01', '2025-07-31'),
(344, 33, 3150000, '2025-08-01', '2025-08-31'),
(345, 33, 3100000, '2025-09-01', '2025-09-30'),
(346, 33, 3050000, '2025-10-01', '2025-10-31'),
(347, 33, 3000000, '2025-11-01', '2025-11-30'),
(348, 33, 2950000, '2025-12-01', '2025-12-31'),
(349, 34, 3300000, '2025-01-01', '2025-01-31'),
(350, 34, 3400000, '2025-02-01', '2025-02-28'),
(351, 34, 3350000, '2025-03-01', '2025-03-31'),
(352, 34, 3450000, '2025-04-01', '2025-04-30'),
(353, 34, 3500000, '2025-05-01', '2025-05-31'),
(354, 34, 3550000, '2025-06-01', '2025-06-30'),
(355, 34, 3600000, '2025-07-01', '2025-07-31'),
(356, 34, 3500000, '2025-08-01', '2025-08-31'),
(357, 34, 3450000, '2025-09-01', '2025-09-30'),
(358, 34, 3350000, '2025-10-01', '2025-10-31'),
(359, 34, 3300000, '2025-11-01', '2025-11-30'),
(360, 34, 3350000, '2025-12-01', '2025-12-31'),
(361, 35, 1450000, '2025-01-01', '2025-01-31'),
(362, 35, 1500000, '2025-02-01', '2025-02-28'),
(363, 35, 1550000, '2025-03-01', '2025-03-31'),
(364, 35, 1600000, '2025-04-01', '2025-04-30'),
(365, 35, 1650000, '2025-05-01', '2025-05-31'),
(366, 35, 1700000, '2025-06-01', '2025-06-30'),
(367, 35, 1750000, '2025-07-01', '2025-07-31'),
(368, 35, 1780000, '2025-08-01', '2025-08-31'),
(369, 35, 1800000, '2025-09-01', '2025-09-30'),
(370, 35, 1770000, '2025-10-01', '2025-10-31'),
(371, 35, 1720000, '2025-11-01', '2025-11-30'),
(372, 35, 1680000, '2025-12-01', '2025-12-31'),
(373, 36, 1850000, '2025-01-01', '2025-01-31'),
(374, 36, 1900000, '2025-02-01', '2025-02-28'),
(375, 36, 1950000, '2025-03-01', '2025-03-31'),
(376, 36, 2000000, '2025-04-01', '2025-04-30'),
(377, 36, 2050000, '2025-05-01', '2025-05-31'),
(378, 36, 2100000, '2025-06-01', '2025-06-30'),
(379, 36, 2150000, '2025-07-01', '2025-07-31'),
(380, 36, 2000000, '2025-08-01', '2025-08-31'),
(381, 36, 1950000, '2025-09-01', '2025-09-30'),
(382, 36, 1900000, '2025-10-01', '2025-10-31'),
(383, 36, 1850000, '2025-11-01', '2025-11-30'),
(384, 36, 1900000, '2025-12-01', '2025-12-31'),
(385, 37, 2300000, '2025-01-01', '2025-01-31'),
(386, 37, 2350000, '2025-02-01', '2025-02-28'),
(387, 37, 2400000, '2025-03-01', '2025-03-31'),
(388, 37, 2450000, '2025-04-01', '2025-04-30'),
(389, 37, 2500000, '2025-05-01', '2025-05-31'),
(390, 37, 2550000, '2025-06-01', '2025-06-30'),
(391, 37, 2600000, '2025-07-01', '2025-07-31'),
(392, 37, 2650000, '2025-08-01', '2025-08-31'),
(393, 37, 2700000, '2025-09-01', '2025-09-30'),
(394, 37, 2750000, '2025-10-01', '2025-10-31'),
(395, 37, 2800000, '2025-11-01', '2025-11-30'),
(396, 37, 2750000, '2025-12-01', '2025-12-31'),
(397, 38, 2900000, '2025-01-01', '2025-01-31'),
(398, 38, 2950000, '2025-02-01', '2025-02-28'),
(399, 38, 3000000, '2025-03-01', '2025-03-31'),
(400, 38, 3050000, '2025-04-01', '2025-04-30'),
(401, 38, 3100000, '2025-05-01', '2025-05-31'),
(402, 38, 3150000, '2025-06-01', '2025-06-30'),
(403, 38, 3200000, '2025-07-01', '2025-07-31'),
(404, 38, 3150000, '2025-08-01', '2025-08-31'),
(405, 38, 3100000, '2025-09-01', '2025-09-30'),
(406, 38, 3050000, '2025-10-01', '2025-10-31'),
(407, 38, 3000000, '2025-11-01', '2025-11-30'),
(408, 38, 2950000, '2025-12-01', '2025-12-31'),
(409, 39, 3300000, '2025-01-01', '2025-01-31'),
(410, 39, 3350000, '2025-02-01', '2025-02-28'),
(411, 39, 3400000, '2025-03-01', '2025-03-31'),
(412, 39, 3450000, '2025-04-01', '2025-04-30'),
(413, 39, 3500000, '2025-05-01', '2025-05-31'),
(414, 39, 3550000, '2025-06-01', '2025-06-30'),
(415, 39, 3600000, '2025-07-01', '2025-07-31'),
(416, 39, 3550000, '2025-08-01', '2025-08-31'),
(417, 39, 3500000, '2025-09-01', '2025-09-30'),
(418, 39, 3450000, '2025-10-01', '2025-10-31'),
(419, 39, 3400000, '2025-11-01', '2025-11-30'),
(420, 39, 3350000, '2025-12-01', '2025-12-31'),
(421, 40, 1450000, '2025-01-01', '2025-01-31'),
(422, 40, 1500000, '2025-02-01', '2025-02-28'),
(423, 40, 1550000, '2025-03-01', '2025-03-31'),
(424, 40, 1600000, '2025-04-01', '2025-04-30'),
(425, 40, 1650000, '2025-05-01', '2025-05-31'),
(426, 40, 1700000, '2025-06-01', '2025-06-30'),
(427, 40, 1750000, '2025-07-01', '2025-07-31'),
(428, 40, 1780000, '2025-08-01', '2025-08-31'),
(429, 40, 1800000, '2025-09-01', '2025-09-30'),
(430, 40, 1770000, '2025-10-01', '2025-10-31'),
(431, 40, 1720000, '2025-11-01', '2025-11-30'),
(432, 40, 1680000, '2025-12-01', '2025-12-31'),
(433, 41, 1850000, '2025-01-01', '2025-01-31'),
(434, 41, 1900000, '2025-02-01', '2025-02-28'),
(435, 41, 1950000, '2025-03-01', '2025-03-31'),
(436, 41, 2000000, '2025-04-01', '2025-04-30'),
(437, 41, 2050000, '2025-05-01', '2025-05-31'),
(438, 41, 2100000, '2025-06-01', '2025-06-30'),
(439, 41, 2150000, '2025-07-01', '2025-07-31'),
(440, 41, 2100000, '2025-08-01', '2025-08-31'),
(441, 41, 2000000, '2025-09-01', '2025-09-30'),
(442, 41, 1950000, '2025-10-01', '2025-10-31'),
(443, 41, 1900000, '2025-11-01', '2025-11-30'),
(444, 41, 1850000, '2025-12-01', '2025-12-31'),
(445, 42, 2300000, '2025-01-01', '2025-01-31'),
(446, 42, 2350000, '2025-02-01', '2025-02-28'),
(447, 42, 2400000, '2025-03-01', '2025-03-31'),
(448, 42, 2450000, '2025-04-01', '2025-04-30'),
(449, 42, 2500000, '2025-05-01', '2025-05-31'),
(450, 42, 2550000, '2025-06-01', '2025-06-30'),
(451, 42, 2600000, '2025-07-01', '2025-07-31'),
(452, 42, 2650000, '2025-08-01', '2025-08-31'),
(453, 42, 2700000, '2025-09-01', '2025-09-30'),
(454, 42, 2750000, '2025-10-01', '2025-10-31'),
(455, 42, 2800000, '2025-11-01', '2025-11-30'),
(456, 42, 2750000, '2025-12-01', '2025-12-31'),
(457, 43, 2900000, '2025-01-01', '2025-01-31'),
(458, 43, 2950000, '2025-02-01', '2025-02-28'),
(459, 43, 3000000, '2025-03-01', '2025-03-31'),
(460, 43, 3050000, '2025-04-01', '2025-04-30'),
(461, 43, 3100000, '2025-05-01', '2025-05-31'),
(462, 43, 3150000, '2025-06-01', '2025-06-30'),
(463, 43, 3200000, '2025-07-01', '2025-07-31'),
(464, 43, 3150000, '2025-08-01', '2025-08-31'),
(465, 43, 3100000, '2025-09-01', '2025-09-30'),
(466, 43, 3050000, '2025-10-01', '2025-10-31'),
(467, 43, 3000000, '2025-11-01', '2025-11-30'),
(468, 43, 2950000, '2025-12-01', '2025-12-31'),
(469, 44, 3300000, '2025-01-01', '2025-01-31'),
(470, 44, 3350000, '2025-02-01', '2025-02-28'),
(471, 44, 3400000, '2025-03-01', '2025-03-31'),
(472, 44, 3450000, '2025-04-01', '2025-04-30'),
(473, 44, 3500000, '2025-05-01', '2025-05-31'),
(474, 44, 3550000, '2025-06-01', '2025-06-30'),
(475, 44, 3600000, '2025-07-01', '2025-07-31'),
(476, 44, 3550000, '2025-08-01', '2025-08-31'),
(477, 44, 3500000, '2025-09-01', '2025-09-30'),
(478, 44, 3450000, '2025-10-01', '2025-10-31'),
(479, 44, 3400000, '2025-11-01', '2025-11-30'),
(480, 44, 3350000, '2025-12-01', '2025-12-31'),
(481, 45, 1450000, '2025-01-01', '2025-01-31'),
(482, 45, 1500000, '2025-02-01', '2025-02-28'),
(483, 45, 1550000, '2025-03-01', '2025-03-31'),
(484, 45, 1600000, '2025-04-01', '2025-04-30'),
(485, 45, 1650000, '2025-05-01', '2025-05-31'),
(486, 45, 1700000, '2025-06-01', '2025-06-30'),
(487, 45, 1750000, '2025-07-01', '2025-07-31'),
(488, 45, 1780000, '2025-08-01', '2025-08-31'),
(489, 45, 1800000, '2025-09-01', '2025-09-30'),
(490, 45, 1770000, '2025-10-01', '2025-10-31'),
(491, 45, 1720000, '2025-11-01', '2025-11-30'),
(492, 45, 1680000, '2025-12-01', '2025-12-31'),
(493, 46, 1850000, '2025-01-01', '2025-01-31'),
(494, 46, 1900000, '2025-02-01', '2025-02-28'),
(495, 46, 1950000, '2025-03-01', '2025-03-31'),
(496, 46, 2000000, '2025-04-01', '2025-04-30'),
(497, 46, 2050000, '2025-05-01', '2025-05-31'),
(498, 46, 2100000, '2025-06-01', '2025-06-30'),
(499, 46, 2150000, '2025-07-01', '2025-07-31'),
(500, 46, 2100000, '2025-08-01', '2025-08-31'),
(501, 46, 2050000, '2025-09-01', '2025-09-30'),
(502, 46, 2000000, '2025-10-01', '2025-10-31'),
(503, 46, 1950000, '2025-11-01', '2025-11-30'),
(504, 46, 1900000, '2025-12-01', '2025-12-31'),
(505, 47, 2300000, '2025-01-01', '2025-01-31'),
(506, 47, 2350000, '2025-02-01', '2025-02-28'),
(507, 47, 2400000, '2025-03-01', '2025-03-31'),
(508, 47, 2450000, '2025-04-01', '2025-04-30'),
(509, 47, 2500000, '2025-05-01', '2025-05-31'),
(510, 47, 2550000, '2025-06-01', '2025-06-30'),
(511, 47, 2600000, '2025-07-01', '2025-07-31'),
(512, 47, 2650000, '2025-08-01', '2025-08-31'),
(513, 47, 2700000, '2025-09-01', '2025-09-30'),
(514, 47, 2750000, '2025-10-01', '2025-10-31'),
(515, 47, 2800000, '2025-11-01', '2025-11-30'),
(516, 47, 2750000, '2025-12-01', '2025-12-31'),
(517, 48, 2900000, '2025-01-01', '2025-01-31'),
(518, 48, 2950000, '2025-02-01', '2025-02-28'),
(519, 48, 3000000, '2025-03-01', '2025-03-31'),
(520, 48, 3050000, '2025-04-01', '2025-04-30'),
(521, 48, 3100000, '2025-05-01', '2025-05-31'),
(522, 48, 3150000, '2025-06-01', '2025-06-30'),
(523, 48, 3200000, '2025-07-01', '2025-07-31'),
(524, 48, 3150000, '2025-08-01', '2025-08-31'),
(525, 48, 3100000, '2025-09-01', '2025-09-30'),
(526, 48, 3050000, '2025-10-01', '2025-10-31'),
(527, 48, 3000000, '2025-11-01', '2025-11-30'),
(528, 48, 2950000, '2025-12-01', '2025-12-31'),
(529, 49, 3300000, '2025-01-01', '2025-01-31'),
(530, 49, 3350000, '2025-02-01', '2025-02-28'),
(531, 49, 3400000, '2025-03-01', '2025-03-31'),
(532, 49, 3450000, '2025-04-01', '2025-04-30'),
(533, 49, 3500000, '2025-05-01', '2025-05-31'),
(534, 49, 3550000, '2025-06-01', '2025-06-30'),
(535, 49, 3600000, '2025-07-01', '2025-07-31'),
(536, 49, 3550000, '2025-08-01', '2025-08-31'),
(537, 49, 3500000, '2025-09-01', '2025-09-30'),
(538, 49, 3450000, '2025-10-01', '2025-10-31'),
(539, 49, 3400000, '2025-11-01', '2025-11-30'),
(540, 49, 3350000, '2025-12-01', '2025-12-31'),
(541, 50, 1450000, '2025-01-01', '2025-01-31'),
(542, 50, 1500000, '2025-02-01', '2025-02-28'),
(543, 50, 1550000, '2025-03-01', '2025-03-31'),
(544, 50, 1600000, '2025-04-01', '2025-04-30'),
(545, 50, 1650000, '2025-05-01', '2025-05-31'),
(546, 50, 1700000, '2025-06-01', '2025-06-30'),
(547, 50, 1750000, '2025-07-01', '2025-07-31'),
(548, 50, 1780000, '2025-08-01', '2025-08-31'),
(549, 50, 1800000, '2025-09-01', '2025-09-30'),
(550, 50, 1770000, '2025-10-01', '2025-10-31'),
(551, 50, 1720000, '2025-11-01', '2025-11-30'),
(552, 50, 1680000, '2025-12-01', '2025-12-31');


INSERT INTO asignaciones (id_asignacion, id_empleado, id_rol, fecha_asignacion) VALUES
(1, 1, 1, '2025-01-01'),
(2, 2, 2, '2025-01-01'),
(3, 3, 3, '2025-01-01'),
(4, 4, 4, '2025-01-01'),
(5, 5, 5, '2025-01-01'),
(6, 6, 1, '2025-02-01'),
(7, 7, 2, '2025-02-01'),
(8, 8, 3, '2025-02-01'),
(9, 9, 4, '2025-02-01'),
(10, 10, 5, '2025-02-01'),
(11, 11, 1, '2025-03-01'),
(12, 12, 2, '2025-03-01'),
(13, 13, 3, '2025-03-01'),
(14, 14, 4, '2025-03-01'),
(15, 15, 5, '2025-03-01'),
(16, 16, 1, '2025-04-01'),
(17, 17, 2, '2025-04-01'),
(18, 18, 3, '2025-04-01'),
(19, 19, 4, '2025-04-01'),
(20, 20, 5, '2025-04-01'),
(21, 21, 1, '2025-05-01'),
(22, 22, 2, '2025-05-01'),
(23, 23, 3, '2025-05-01'),
(24, 24, 4, '2025-05-01'),
(25, 25, 5, '2025-05-01'),
(26, 26, 1, '2025-06-01'),
(27, 27, 2, '2025-06-01'),
(28, 28, 3, '2025-06-01'),
(29, 29, 4, '2025-06-01'),
(30, 30, 5, '2025-06-01'),
(31, 31, 1, '2025-07-01'),
(32, 32, 2, '2025-07-01'),
(33, 33, 3, '2025-07-01'),
(34, 34, 4, '2025-07-01'),
(35, 35, 5, '2025-07-01'),
(36, 36, 1, '2025-08-01'),
(37, 37, 2, '2025-08-01'),
(38, 38, 3, '2025-08-01'),
(39, 39, 4, '2025-08-01'),
(40, 40, 5, '2025-08-01'),
(41, 41, 1, '2025-09-01'),
(42, 42, 2, '2025-09-01'),
(43, 43, 3, '2025-09-01'),
(44, 44, 4, '2025-09-01'),
(45, 45, 5, '2025-09-01'),
(46, 46, 1, '2025-10-01'),
(47, 47, 2, '2025-10-01'),
(48, 48, 3, '2025-10-01'),
(49, 49, 4, '2025-10-01'),
(50, 50, 5, '2025-10-01');




INSERT INTO roles_sistema (id_rol, nombre_rol) VALUES
(1, 'Administrador'),
(2, 'Vendedor'),
(3, 'Técnico'),
(4, 'Supervisor'),
(5, 'Invitado');

INSERT INTO usuarios (id_usuario, nombre_usuario, contraseña, id_rol) VALUES
(1, 'admin1', 'Adm1n!@#$', 1),
(2, 'admin2', 'Adm2n%$#@', 1),
(3, 'admin3', 'Adm3n*&^%', 1),
(4, 'admin4', 'Adm4n)(*&', 1),
(5, 'vendedor1', 'Vnd1@1234', 2),
(6, 'vendedor2', 'Vnd2#5678', 2),
(7, 'vendedor3', 'Vnd3$abcd', 2),
(8, 'vendedor4', 'Vnd4%efgh', 2),
(9, 'vendedor5', 'Vnd5^ijkl', 2),
(10, 'vendedor6', 'Vnd6&mnop', 2),
(11, 'vendedor7', 'Vnd7*qrst', 2),
(12, 'vendedor8', 'Vnd8(uvwx', 2),
(13, 'vendedor9', 'Vnd9)yz12', 2),
(14, 'vendedor10', 'Vnd10!345', 2),
(15, 'vendedor11', 'Vnd11@678', 2),
(16, 'vendedor12', 'Vnd12#90a', 2),
(17, 'vendedor13', 'Vnd13$bcd', 2),
(18, 'vendedor14', 'Vnd14%efg', 2),
(19, 'vendedor15', 'Vnd15^hij', 2),
(20, 'tecnico1', 'Tec1@abcd', 3),
(21, 'tecnico2', 'Tec2#efgh', 3),
(22, 'tecnico3', 'Tec3$ijkl', 3),
(23, 'tecnico4', 'Tec4%mnop', 3),
(24, 'tecnico5', 'Tec5^qrst', 3),
(25, 'tecnico6', 'Tec6&uvwx', 3),
(26, 'supervisor1', 'Sup1@1234', 4),
(27, 'supervisor2', 'Sup2#5678', 4),
(28, 'supervisor3', 'Sup3$abcd', 4),
(29, 'invitado1', 'Inv1@1234', 5),
(30, 'invitado2', 'Inv2#5678', 5),
(31, 'invitado3', 'Inv3$abcd', 5),
(32, 'invitado4', 'Inv4%efgh', 5),
(33, 'invitado5', 'Inv5^ijkl', 5),
(34, 'invitado6', 'Inv6&mnop', 5),
(35, 'invitado7', 'Inv7*qrst', 5),
(36, 'invitado8', 'Inv8(uvwx', 5),
(37, 'invitado9', 'Inv9)yz12', 5),
(38, 'invitado10', 'Inv10!345', 5),
(39, 'invitado11', 'Inv11@678', 5),
(40, 'invitado12', 'Inv12#90a', 5),
(41, 'invitado13', 'Inv13$bcd', 5),
(42, 'invitado14', 'Inv14%efg', 5),
(43, 'invitado15', 'Inv15^hij', 5),
(44, 'invitado16', 'Inv16&klm', 5),
(45, 'invitado17', 'Inv17*nop', 5),
(46, 'invitado18', 'Inv18(qrs', 5),
(47, 'invitado19', 'Inv19)tuv', 5),
(48, 'invitado20', 'Inv20!wxy', 5),
(49, 'invitado21', 'Inv21@z12', 5),
(50, 'invitado22', 'Inv22#345', 5);


INSERT INTO permisos (id_permiso, id_rol, descripcion) VALUES
(1, 1, 'Acceso total al sistema'),
(2, 2, 'Acceso al módulo de ventas'),
(3, 3, 'Acceso al módulo de maquinaria'),
(4, 4, 'Acceso al módulo de RRHH'),
(5, 5, 'Acceso limitado a reportes');


select * from usuarios;
select * from permisos;
select * from roles_sistema;

-- Inserciones
-- 50 inserciones para la tabla clientes
insert into clientes (nombre, direccion, telefono) values
('supermercado la cosecha', 'calle 12 #34-56, bogotá', '3104567890'),
('distribuidora agroverde', 'carrera 8 #45-23, medellín', '3112345678'),
('tienda campesina el progreso', 'calle 5 #7-12, cali', '3009876543'),
('fruver el vergel', 'av. principal #101-22, bucaramanga', '3124567890'),
('mercados del llano', 'carrera 15 #45-09, villavicencio', '3205678901'),
('central mayorista andina', 'km 5 vía occidente, cali', '3187654321'),
('supertiendas campo y ciudad', 'calle 30 #20-40, ibagué', '3133456789'),
('la huerta fresca', 'carrera 9 #14-56, manizales', '3106789012'),
('mercado campesino la esperanza', 'plaza central, pasto', '3004567891'),
('distribuciones agrocol', 'calle 18 #33-44, pereira', '3169876543'),
('almacén fruver feliz cosecha', 'av. norte #45-22, cúcuta', '3145678901'),
('productos naturales el edén', 'calle 2 #8-14, neiva', '3156789012'),
('central de abastos la sabana', 'zona industrial, bogotá', '3198765432'),
('agrodistribuidora la montaña', 'carrera 40 #22-11, armenia', '3118765432'),
('mercado y fruver don josé', 'calle 7 #5-33, popayán', '3123456780'),
('plaza frutihortaliza', 'carrera 14 #6-40, santa marta', '3182345678'),
('su mercado de confianza', 'calle 9 #10-20, barranquilla', '3202345678'),
('tienda la buena semilla', 'carrera 2 #4-56, tunja', '3178765432'),
('cooperativa campesina unidos', 'calle 25 #12-60, montería', '3139876543'),
('abastos del caribe', 'avenida circunvalar #15-40, cartagena', '3163456789'),
('almacén rural san cristóbal', 'vereda el juncal, san juan del cesar', '3102345671'),
('distribuciones la montañita', 'barrio la isabela, pasto', '3112345671'),
('restaurante el sembrador', 'calle 11 #22-10, santa marta', '3122345671'),
('panadería y fruver la masa', 'carrera 3 #5-18, ibagué', '3132345671'),
('tienda natural la raíz', 'av. principal #10-2, tunja', '3142345671'),
('mercados ecológicos del valle', 'km 3 via el valle, armenia', '3152345671'),
('distribuidora alimentos sierra', 'barrio la sierra, manizales', '3162345671'),
('fruver campo alegre', 'calle 4 #9-22, pereira', '3172345671'),
('mercado la esquina verde', 'plaza central, bogotá', '3182345671'),
('almacén las delicias', 'av. sur #44-10, cali', '3192345671'),
('centro de abastos la plaza', 'zona franca, cartagena', '3202345671'),
('mini mercado la troja', 'calle 6 #18-33, montería', '3012345671'),
('distribuciones agroexpress', 'ruta 2 km 10, villavicencio', '3022345671'),
('supermercado rural los pinos', 'vereda los pinos, cúcuta', '3032345671'),
('tienda campesina el arado', 'barrio la hacienda, popayán', '3042345671'),
('mercado orgánico la colmena', 'calle 1 #2-10, neiva', '3052345671'),
('empacadora del trópico', 'zona portuaria, santa marta', '3062345671'),
('distribuidora de lácteos el valle', 'parque industrial, bogotá', '3072345671'),
('mayorista granero', 'kilómetro 7, bogotá', '3082345671'),
('el buen mercado sano', 'calle 20 #10-50, barranquilla', '3092345671'),
('abastos la cantera', 'zona industrial, ibagué', '3103456782'),
('fruver la loma', 'barrio la loma, armenia', '3113456782'),
('venta directa finca san pedro', 'vereda la vega, tunja', '3123456782'),
('cooperativa lechera la unión', 'zona rural, manizales', '3133456782'),
('distribuciones del cafetal', 'via cafetera km 12, pereira', '3143456782'),
('mercado agroecológico horizonte', 'calle 3 #7-11, pasto', '3153456782'),
('mayorista la despensa', 'zona centro, cúcuta', '3163456782'),
('tienda del campo', 'barrio el jardín, popayán', '3173456782'),
('suministros y abastos la rueda', 'calle 9 #14-33, cartagena', '3183456782'),
('supermercado la fuente', 'av. libertad #40-10, bogotá', '3193456782');

-- 50 inserciones para la tabla proveedores
insert into proveedores (nombre, contacto, telefono) values
('agrosuministros el campo', 'carlos pérez', '3101234567'),
('maquinaria agrícola s.a.s.', 'marta gómez', '3117654321'),
('fertilizantes verdes', 'juan rodríguez', '3129876543'),
('semillas del futuro', 'paola ramírez', '3008765432'),
('irrigaciones y riegos andinos', 'andrés rojas', '3151239876'),
('veterinaria agrovet', 'maría fernanda suárez', '3204561237'),
('nutrición animal ganaplus', 'oscar jiménez', '3186543210'),
('herramientas agrocol', 'sofia martínez', '3139871234'),
('transportes agroexpres', 'pedro garcía', '3192345678'),
('envases y empaques rurales', 'ana lucía moreno', '3148765432'),
('energía solar agrícola', 'ricardo tovar', '3171234567'),
('control biológico verde', 'luis hernández', '3169871234'),
('aceros y repuestos agro', 'jorge castro', '3107654321'),
('productos orgánicos bioagro', 'diana lopez', '3159876543'),
('agroquímicos la esperanza', 'felipe vargas', '3124567890'),
('servicios fitosanitarios andes', 'gabriela morales', '3001234567'),
('consultoría agrícola tierra viva', 'césar mejía', '3011234567'),
('laboratorio suelos y cultivos', 'laura gonzález', '3021234567'),
('biotecnología agroinnova', 'diego pérez', '3031234567'),
('logística y transporte rural', 'juanita salazar', '3041234567'),
('sistemas de riego integral', 'andrea toro', '3051234567'),
('proveedora de semillas elite', 'miguel ángel', '3061234567'),
('distribuidor lácteo nacional', 'patricia rivera', '3071234567'),
('mantenimiento maquinaria agrícola', 'edwin ruiz', '3081234567'),
('proveedora de hortalizas verdes', 'laura cardona', '3091234567'),
('insumos pecuarios el establo', 'ramiro cardenas', '3102234567'),
('proveedor de piensos nutrimax', 'sandra sierra', '3112234567'),
('proveedor de plásticos y mallas', 'hernán ortiz', '3122234567'),
('taller agro mecánica', 'jairo pérez', '3132234567'),
('servicios fitosanitarios norte', 'karla solano', '3142234567'),
('distribuciones agroindustrial', 'ernesto alarcón', '3152234567'),
('equipos de frío y almacenamiento', 'luis a. molina', '3162234567'),
('insumos orgánicos ecofield', 'melissa perdomo', '3172234567'),
('suministros de etiquetado', 'adriana ruano', '3182234567'),
('proveedor de envases y cajas', 'pablo mendoza', '3192234567'),
('contratistas de cosecha', 'julio cárdenas', '3202234567'),
('distribuciones semillas sureña', 'natalia cuellar', '3002234567'),
('asesoría técnica agro', 'orlando velez', '3012234567'),
('servicios de almacenaje la bodega', 'verónica pineda', '3022234567'),
('proveedor maquinaria ligera', 'ricardo alonso', '3032234567'),
('empresa de fumigación aerea', 'miguel toro', '3042234567'),
('cooperativa de abonos', 'esteban rios', '3052234567'),
('laboratorio control calidad', 'camila restrepo', '3062234567'),
('empresa de embalaje agro', 'karim sánchez', '3072234567'),
('distribuidora de herramientas pro', 'pablo ríos', '3082234567'),
('proveedor de repuestos agrícolas', 'fernando cruz', '3092234567'),
('servicios veterinarios móviles', 'marco antonio', '3103234567'),
('fábrica de pienso natural', 'clara rubio', '3113234567');

-- 50 inserciones para la tabla categorias_productos
insert into categorias_productos (nombre_categoria) values
('frutas'),
('hortalizas'),
('granos'),
('tubérculos'),
('lácteos'),
('cárnicos'),
('aves'),
('pescados'),
('legumbres'),
('bebidas naturales'),
('productos procesados'),
('semillas'),
('forrajes'),
('flores y ornamentales'),
('productos orgánicos'),
('plantas medicinales'),
('aceites esenciales'),
('frutos secos'),
('frutas tropicales'),
('frutas temperadas'),
('conservas'),
('miel y derivados'),
('huevos'),
('verduras de hoja'),
('especias'),
('infusiones'),
('salsas y condimentos'),
('harinas y derivados'),
('productos fermentados'),
('mermeladas'),
('jugos concentrados'),
('aceitunas y encurtidos'),
('raíces y tubérculos procesados'),
('bioproductos'),
('fertilizantes orgánicos'),
('semillas mejoradas'),
('pasto y heno'),
('aditivos para piensos'),
('textiles agrícolas'),
('productos de panadería agrícola'),
('extractos naturales'),
('aceites comestibles'),
('vinagres y conservantes'),
('ensilados'),
('fertilizantes minerales'),
('productos lácteos procesados'),
('frutas deshidratadas'),
('nutrientes foliaries'),
('suplementos animales'),
('productos gourmet'),
('otros');

-- 50 inserciones para la tabla productos
insert into productos (nombre_producto, id_categoria) values
('aguacate hass', 1),
('mango tommy', 1),
('maíz amarillo', 3),
('papa criolla', 4),
('yuca brava', 4),
('leche entera', 5),
('queso campesino', 5),
('carne de res', 6),
('pollo de engorde', 7),
('tilapia roja', 8),
('fríjol cargamanto', 9),
('jugo de guanábana', 10),
('mermelada de mora', 11),
('semilla de maíz híbrido', 12),
('pasto kikuyo', 13),
('rosa de corte', 14),
('miel pura', 22),
('té de hierbas', 26),
('aceite esencial de eucalipto', 16),
('almendra seca', 18),
('banano dominico', 19),
('pera conferencia', 20),
('conserva de tomate', 21),
('harina de yuca', 28),
('aceite de oliva local', 41),
('semilla de fríjol mejorada', 36),
('heno prensado', 37),
('salsa de ají', 27),
('mousse de guanábana', 11),
('jugo concentrado de mora', 31),
('aceitunas en salmuera', 32),
('harina integral maíz', 28),
('producto fermentado kimchi', 29),
('flores secas para aromáticas', 40),
('ensilado maíz-alfalfa', 42),
('fertilizante organico compost', 34),
('semilla de trigo mejorada', 36),
('pimiento criollo', 2),
('cebolla cabezona', 2),
('zanahoria larga', 2),
('ajo morado', 25),
('pimiento morrón', 2),
('jalea de mango', 30),
('yogur natural', 45),
('tortillas de maíz', 28),
('aceite de palma procesado', 41),
('frutas deshidratadas mixtas', 44),
('suplemento mineral bovino', 38),
('mermelada artesanal de guayaba', 11),
('extracto natural de moringa', 40),
('producto gourmet de cacao', 49);

-- 50 inserciones para la tabla parcelas
insert into parcelas (nombre_parcela, ubicacion) values
('lote el nogal', 'zona norte - cerca del río'),
('parcela la esperanza', 'sector central'),
('campo los sauces', 'zona este - colindante con carretera'),
('terreno el roble', 'zona sur - ladera suave'),
('lote las palmas', 'zona oeste - cerca del bosque'),
('parcela san miguel', 'sector alto - vista panorámica'),
('lote el trébol', 'zona plana - entrada principal'),
('campo la victoria', 'zona suroriente - colindante con laguna'),
('parcela los girasoles', 'zona norte - colindante con parcela vecina'),
('lote el prado', 'zona central - frente a bodega principal'),
('parcela el mirador', 'colina sur - acceso por vereda'),
('lote la quebrada', 'vértice este - junto a quebrada'),
('campo la sombra', 'sector boscoso - norte'),
('parcela el sauce', 'frente a la vía secundaria'),
('lote la ceiba', 'zona baja junto al humidal'),
('parcela el picachón', 'parte alta - suelos arenosos'),
('lote la palma real', 'frente al transformador'),
('parcela la senda', 'entrada lateral - terreno arenoso'),
('campo la loma', 'ladera oeste - buen drenaje'),
('lote la fuente', 'cercano a pozo de agua'),
('parcela la esperanza 2', 'sector central - anexo'),
('lote la aurora', 'colindante con cerro pequeño'),
('campo el manzano', 'sector norte - altura media'),
('parcela la montañita', 'vereda la montañita'),
('lote el guamupo', 'cerca del cercado principal'),
('parcela la rivera', 'ribera sur del río'),
('campo los alisos', 'sector este - suelo arcilloso'),
('parcela el cardón', 'zona rocosa - sur'),
('lote la arboleda', 'entrada principal lateral'),
('parcela el limonar', 'suelo pedregoso - buen sol'),
('lote la esperanza 3', 'anexo sur - cerca de laguna'),
('parcela las orquídeas', 'caseta norte - sombra parcial'),
('lote el sembrado', 'zona de siembra intensiva'),
('parcela la cosecha', 'cerca de bodega de empaques'),
('campo el recodo', 'curva de la vía interna'),
('parcela la ribera baja', 'zona húmeda - suelos ricos'),
('lote la esperanza 4', 'sector de estudio experimental'),
('parcela el corredor', 'frente a vía principal'),
('campo los nísperos', 'sector nuevo de expansión'),
('parcela la huerta', 'junto a casa de empleados'),
('lote el vivero', 'adjunto a invernadero'),
('parcela la cumbre', 'parte alta con vista'),
('lote los cedros', 'anexo de la finca'),
('parcela la palma chica', 'sector oeste - sombra parcial'),
('campo el sendero', 'camino interno - fácil acceso'),
('parcela las milpas', 'zona de granos'),
('lote la esperanza experimental', 'área de pruebas'),
('parcela el rosal', 'cercano a oficinas'),
('lote el bosque', 'límite con reserva colindante');

-- 50 inserciones para la tabla ventas
insert into ventas (id_cliente, fecha, total) values
(1, '2025-01-10', 150000.00),
(2, '2025-01-15', 230000.00),
(3, '2025-01-20', 98000.00),
(4, '2025-02-02', 120000.00),
(5, '2025-02-05', 305000.00),
(6, '2025-02-18', 450000.00),
(7, '2025-03-01', 275000.00),
(8, '2025-03-07', 160000.00),
(9, '2025-03-15', 95000.00),
(10, '2025-03-20', 210000.00),
(11, '2025-04-01', 195000.00),
(12, '2025-04-12', 340000.00),
(13, '2025-04-18', 405000.00),
(14, '2025-05-02', 500000.00),
(15, '2025-05-10', 275000.00),
(16, '2025-05-12', 125000.00),
(17, '2025-05-15', 98000.00),
(18, '2025-05-18', 64000.00),
(19, '2025-05-20', 220000.00),
(20, '2025-05-22', 310000.00),
(21, '2025-05-25', 145000.00),
(22, '2025-05-28', 270000.00),
(23, '2025-06-01', 390000.00),
(24, '2025-06-03', 88000.00),
(25, '2025-06-06', 160000.00),
(26, '2025-06-08', 205000.00),
(27, '2025-06-10', 330000.00),
(28, '2025-06-12', 420000.00),
(29, '2025-06-14', 77000.00),
(30, '2025-06-16', 150000.00),
(31, '2025-06-18', 195000.00),
(32, '2025-06-20', 450000.00),
(33, '2025-06-22', 280000.00),
(34, '2025-06-24', 125000.00),
(35, '2025-06-26', 360000.00),
(36, '2025-06-28', 410000.00),
(37, '2025-06-29', 98000.00),
(38, '2025-06-30', 220000.00),
(39, '2025-07-01', 310000.00),
(40, '2025-07-02', 140000.00),
(41, '2025-07-03', 175000.00),
(42, '2025-07-04', 260000.00),
(43, '2025-07-05', 340000.00),
(44, '2025-07-06', 195000.00),
(45, '2025-07-07', 480000.00),
(46, '2025-07-08', 125000.00),
(47, '2025-07-09', 95000.00),
(48, '2025-07-10', 215000.00),
(49, '2025-07-11', 305000.00),
(50, '2025-07-12', 365000.00);

INSERT INTO ventas (id_cliente, fecha, total) VALUES
(1, '2025-07-13', 250000.00),
(2, '2025-07-14', 185000.00),
(3, '2025-07-15', 90000.00),
(4, '2025-07-16', 320000.00),
(5, '2025-07-17', 215000.00),
(6, '2025-07-18', 280000.00),
(7, '2025-07-19', 175000.00),
(8, '2025-07-20', 198000.00),
(9, '2025-07-21', 470000.00),
(10, '2025-07-22', 355000.00),
(11, '2025-07-23', 125000.00),
(12, '2025-07-24', 98000.00),
(13, '2025-07-25', 265000.00),
(14, '2025-07-26', 330000.00),
(15, '2025-07-27', 440000.00),
(16, '2025-07-28', 175000.00),
(17, '2025-07-29', 210000.00),
(18, '2025-07-30', 350000.00),
(19, '2025-07-31', 125000.00),
(20, '2025-08-01', 290000.00),
(21, '2025-08-02', 315000.00),
(22, '2025-08-03', 190000.00),
(23, '2025-08-04', 160000.00),
(24, '2025-08-05', 220000.00),
(25, '2025-08-06', 140000.00),
(26, '2025-08-07', 295000.00),
(27, '2025-08-08', 125000.00),
(28, '2025-08-09', 410000.00),
(29, '2025-08-10', 480000.00),
(30, '2025-08-11', 215000.00),
(31, '2025-08-12', 180000.00),
(32, '2025-08-13', 305000.00),
(33, '2025-08-14', 225000.00),
(34, '2025-08-15', 160000.00),
(35, '2025-08-16', 210000.00),
(36, '2025-08-17', 195000.00),
(37, '2025-08-18', 310000.00),
(38, '2025-08-19', 270000.00),
(39, '2025-08-20', 400000.00),
(40, '2025-08-21', 150000.00),
(41, '2025-08-22', 295000.00),
(42, '2025-08-23', 230000.00),
(43, '2025-08-24', 280000.00),
(44, '2025-08-25', 360000.00),
(45, '2025-08-26', 125000.00),
(46, '2025-08-27', 215000.00),
(47, '2025-08-28', 300000.00),
(48, '2025-08-29', 245000.00),
(49, '2025-08-30', 390000.00),
(50, '2025-08-31', 420000.00);

-- 50 inserciones para la tabla compras
insert into compras (id_proveedor, fecha) values
(1, '2025-01-05'),
(2, '2025-01-12'),
(3, '2025-01-18'),
(4, '2025-02-01'),
(5, '2025-02-10'),
(6, '2025-02-25'),
(7, '2025-03-05'),
(8, '2025-03-15'),
(9, '2025-03-25'), 
(10, '2025-04-05'),
(11, '2025-04-10'),
(12, '2025-04-20'),
(13, '2025-04-25'),
(14, '2025-05-01'),
(15, '2025-05-05'),
(16, '2025-05-08'),
(17, '2025-05-12'),
(18, '2025-05-15'),
(19, '2025-05-18'),
(20, '2025-05-20'),
(21, '2025-05-22'),
(22, '2025-05-25'),
(23, '2025-05-28'),
(24, '2025-06-01'),
(25, '2025-06-04'),
(26, '2025-06-07'),
(27, '2025-06-10'),
(28, '2025-06-13'),
(29, '2025-06-16'),
(30, '2025-06-19'),
(31, '2025-06-22'),
(32, '2025-06-25'),
(33, '2025-06-28'),
(34, '2025-06-30'),
(35, '2025-07-02'),
(36, '2025-07-04'),
(37, '2025-07-06'),
(38, '2025-07-08'),
(39, '2025-07-10'),
(40, '2025-07-12'),
(41, '2025-07-14'),
(42, '2025-07-16'),
(43, '2025-07-18'),
(44, '2025-07-20'),
(45, '2025-07-22'),
(46, '2025-07-24'),
(47, '2025-07-26'),
(48, '2025-07-28');

INSERT INTO compras (id_proveedor, fecha) VALUES
(1, '2025-08-01'),
(2, '2025-08-02'),
(3, '2025-08-03'),
(4, '2025-08-04'),
(5, '2025-08-05'),
(6, '2025-08-06'),
(7, '2025-08-07'),
(8, '2025-08-08'),
(9, '2025-08-09'),
(10, '2025-08-10'),
(11, '2025-08-11'),
(12, '2025-08-12'),
(13, '2025-08-13'),
(14, '2025-08-14'),
(15, '2025-08-15'),
(16, '2025-08-16'),
(17, '2025-08-17'),
(18, '2025-08-18'),
(19, '2025-08-19'),
(20, '2025-08-20'),
(21, '2025-08-21'),
(22, '2025-08-22'),
(23, '2025-08-23'),
(24, '2025-08-24'),
(25, '2025-08-25'),
(26, '2025-08-26'),
(27, '2025-08-27'),
(28, '2025-08-28'),
(29, '2025-08-29'),
(30, '2025-08-30'),
(31, '2025-08-31'),
(32, '2025-09-01'),
(33, '2025-09-02'),
(34, '2025-09-03'),
(35, '2025-09-04'),
(36, '2025-09-05'),
(37, '2025-09-06'),
(38, '2025-09-07'),
(39, '2025-09-08'),
(40, '2025-09-09'),
(41, '2025-09-10'),
(42, '2025-09-11'),
(43, '2025-09-12'),
(44, '2025-09-13'),
(45, '2025-09-14'),
(46, '2025-09-15'),
(47, '2025-09-16'),
(48, '2025-09-17');



-- 100 inserciones para la tabla detalle_venta
-- Versión corregida de detalle_compra (solo los primeros 96 registros para evitar error)
INSERT INTO detalle_compra (id_compra, id_producto, cantidad, precio_unitario) VALUES
(1, 14, 500, 3000.00),
(2, 12, 300, 1200.00),
(3, 3, 800, 2500.00),
(4, 13, 200, 1800.00),
(5, 15, 700, 3500.00),
(6, 5, 600, 15000.00),
(7, 9, 150, 2200.00),
(8, 8, 100, 9000.00),
(9, 11, 500, 3500.00),
(10, 7, 80, 4500.00),
(11, 1, 400, 6000.00),
(12, 2, 350, 2500.00),
(13, 4, 250, 12000.00),
(14, 6, 180, 4000.00),
(15, 10, 120, 1500.00),
(16, 16, 50, 4500.00),
(17, 17, 60, 12000.00),
(18, 18, 220, 800.00),
(19, 19, 180, 950.00),
(20, 20, 300, 700.00),
(21, 21, 240, 2200.00),
(22, 22, 40, 5000.00),
(23, 23, 500, 600.00),
(24, 24, 90, 8500.00),
(25, 25, 110, 12000.00),
(26, 26, 700, 300.00),
(27, 27, 260, 900.00),
(28, 28, 330, 1400.00),
(29, 29, 150, 2000.00),
(30, 30, 80, 4500.00),
(31, 31, 210, 3500.00),
(32, 32, 30, 7000.00),
(33, 33, 440, 800.00),
(34, 34, 120, 250.00),
(35, 35, 250, 1800.00),
(36, 36, 600, 450.00),
(37, 37, 900, 120.00),
(38, 38, 180, 950.00),
(39, 39, 320, 600.00),
(40, 40, 70, 2200.00),
(41, 41, 90, 9000.00),
(42, 42, 500, 500.00),
(43, 43, 260, 750.00),
(44, 44, 140, 400.00),
(45, 45, 360, 1200.00),
(46, 46, 200, 1500.00),
(47, 47, 330, 700.00),
(48, 48, 110, 2500.00),
(49, 49, 40, 45000.00),
(50, 50, 420, 600.00),
(51, 14, 200, 3100.00),
(52, 12, 150, 1250.00),
(53, 3, 900, 2600.00),
(54, 13, 320, 1850.00),
(55, 15, 780, 3600.00),
(56, 5, 450, 15200.00),
(57, 9, 600, 2250.00),
(58, 8, 200, 9100.00),
(59, 11, 250, 3550.00),
(60, 7, 120, 4550.00),
(61, 1, 400, 6100.00),
(62, 2, 500, 2550.00),
(63, 4, 380, 12100.00),
(64, 6, 140, 4050.00),
(65, 10, 200, 1550.00),
(66, 16, 100, 4550.00),
(67, 17, 80, 12150.00),
(68, 18, 320, 850.00),
(69, 19, 250, 975.00),
(70, 20, 350, 750.00),
(71, 21, 150, 2250.00),
(72, 22, 90, 5050.00),
(73, 23, 400, 650.00),
(74, 24, 180, 8600.00),
(75, 25, 300, 12150.00),
(76, 26, 500, 350.00),
(77, 27, 240, 950.00),
(78, 28, 300, 1450.00),
(79, 29, 180, 2050.00),
(80, 30, 220, 4550.00),
(81, 31, 150, 3550.00),
(82, 32, 90, 7050.00),
(83, 33, 600, 850.00),
(84, 34, 200, 300.00),
(85, 35, 280, 1850.00),
(86, 36, 650, 500.00),
(87, 37, 720, 150.00),
(88, 38, 250, 975.00),
(89, 39, 400, 650.00),
(90, 40, 180, 2250.00),
(91, 41, 120, 9100.00),
(92, 42, 550, 550.00),
(93, 43, 300, 800.00),
(94, 44, 200, 450.00),
(95, 45, 390, 1250.00),
(96, 46, 250, 1550.00);


-- 50 inserciones para la tabla inventario
insert into inventario (id_producto, cantidad, fecha_actualizacion) values
(1, 350.00, '2025-07-31'),
(2, 420.00, '2025-07-31'),
(3, 1000.00, '2025-07-31'),
(4, 250.00, '2025-07-31'),
(5, 400.00, '2025-07-31'),
(6, 180.00, '2025-07-31'),
(7, 120.00, '2025-07-31'),
(8, 90.00, '2025-07-31'),
(9, 150.00, '2025-07-31'),
(10, 60.00, '2025-07-31'),
(11, 700.00, '2025-07-31'),
(12, 500.00, '2025-07-31'),
(13, 250.00, '2025-07-31'),
(14, 400.00, '2025-07-31'),
(15, 900.00, '2025-07-31'),
(16, 120.00, '2025-07-31'),
(17, 80.00, '2025-07-31'),
(18, 600.00, '2025-07-31'),
(19, 350.00, '2025-07-31'),
(20, 420.00, '2025-07-31'),
(21, 240.00, '2025-07-31'),
(22, 60.00, '2025-07-31'),
(23, 500.00, '2025-07-31'),
(24, 90.00, '2025-07-31'),
(25, 110.00, '2025-07-31'),
(26, 700.00, '2025-07-31'),
(27, 260.00, '2025-07-31'),
(28, 330.00, '2025-07-31'),
(29, 150.00, '2025-07-31'),
(30, 80.00, '2025-07-31'),
(31, 210.00, '2025-07-31'),
(32, 30.00, '2025-07-31'),
(33, 440.00, '2025-07-31'),
(34, 120.00, '2025-07-31'),
(35, 250.00, '2025-07-31'),
(36, 600.00, '2025-07-31'),
(37, 900.00, '2025-07-31'),
(38, 180.00, '2025-07-31'),
(39, 320.00, '2025-07-31'),
(40, 70.00, '2025-07-31'),
(41, 90.00, '2025-07-31'),
(42, 500.00, '2025-07-31'),
(43, 260.00, '2025-07-31'),
(44, 140.00, '2025-07-31'),
(45, 360.00, '2025-07-31'),
(46, 200.00, '2025-07-31'),
(47, 330.00, '2025-07-31'),
(48, 110.00, '2025-07-31'),
(49, 40.00, '2025-07-31'),
(50, 420.00, '2025-07-31');

-- 50 inserciones para la tabla produccion
insert into produccion (fecha, id_parcela, id_producto, cantidad) values
('2025-01-05', 1, 1, 500.00),
('2025-01-10', 2, 2, 450.00),
('2025-01-15', 3, 3, 1200.00),
('2025-01-20', 4, 4, 300.00),
('2025-01-25', 5, 5, 500.00),
('2025-02-01', 6, 6, 200.00),
('2025-02-05', 7, 7, 150.00),
('2025-02-10', 8, 8, 100.00),
('2025-02-15', 9, 9, 130.00),
('2025-02-20', 10, 10, 80.00),
('2025-02-25', 11, 11, 700.00),
('2025-03-01', 12, 12, 500.00),
('2025-03-05', 13, 13, 250.00),
('2025-03-10', 14, 14, 400.00),
('2025-03-15', 15, 15, 900.00),
('2025-03-20', 16, 16, 60.00),
('2025-03-22', 17, 17, 80.00),
('2025-03-25', 18, 18, 220.00),
('2025-03-28', 19, 19, 180.00),
('2025-04-01', 20, 20, 300.00),
('2025-04-05', 21, 21, 240.00),
('2025-04-08', 22, 22, 40.00),
('2025-04-10', 23, 23, 500.00),
('2025-04-12', 24, 24, 90.00),
('2025-04-15', 25, 25, 110.00),
('2025-04-18', 26, 26, 700.00),
('2025-04-20', 27, 27, 260.00),
('2025-04-22', 28, 28, 330.00),
('2025-04-25', 29, 29, 150.00),
('2025-04-28', 30, 30, 80.00),
('2025-05-01', 31, 31, 210.00),
('2025-05-04', 32, 32, 30.00),
('2025-05-07', 33, 33, 440.00),
('2025-05-10', 34, 34, 120.00),
('2025-05-12', 35, 35, 250.00),
('2025-05-15', 36, 36, 600.00),
('2025-05-18', 37, 37, 900.00),
('2025-05-20', 38, 38, 180.00),
('2025-05-22', 39, 39, 320.00),
('2025-05-25', 40, 40, 70.00),
('2025-05-27', 41, 41, 90.00),
('2025-05-29', 42, 42, 500.00),
('2025-06-01', 43, 43, 260.00),
('2025-06-03', 44, 44, 140.00),
('2025-06-06', 45, 45, 360.00),
('2025-06-08', 46, 46, 200.00),
('2025-06-10', 47, 47, 330.00),
('2025-06-12', 48, 48, 110.00),
('2025-06-15', 49, 49, 40.00),
('2025-06-18', 50, 50, 420.00);